{
    "admin_bot": [
        "6893917462711041630",
        "805703079542890307",
        "885065838833630757",
        "331559037865273332",
        "6842990277339878298",
        "841772837717522604",
        "839944916772791468",
        "2700397515646026107",
        "783423539358849069",
        "6812560494240192633",
        "772253388540873517"
    ],
    "allowed_thread_ids": [
        "5589579775913813503",
        "2918834978706854892",
        "7241507937286594834",
        "2392895113238261336",
        "9052266799588763597",
        "5012402549424648418",
        "8723500413041824637",
        "4308216392286980260",
        "2282342268107009710",
        "795614585006431240",
        "762260300822446998",
        "7052632761448965085",
        "113604400853554583",
        "556363901996278458",
        "184822653921169298",
        "2017706800388149746",
        "6311125745977511783",
        "3803006600428060468"
    ],
    "forbidden_words": [
        "con cặc",
        "đụ mẹ",
        "du me",
        "địt",
        "địt mẹ",
        "con chó",
        "cặc",
        "đụ lồn",
        "lồn mẹ mày",
        "thằng chó",
        "con cac",
        "dit me",
        "djt",
        "djt me",
        "c a c",
        "c ặ c",
        "c-ă-c",
        "c.ă.c",
        "c.ặc",
        "cặ.c",
        "đm",
        "dume",
        "cailon",
        "concac",
        "vaicac",
        "vailon",
        "vailol",
        "lồn",
        "Iồn",
        "Hentai",
        "sexx",
        "xxx",
        "đụ cặc",
        "L ồ n",
        "I ồ n",
        "Iồ n",
        "Lồ n",
        "|_ồn",
        "|_ ồ n",
        "Łồn",
        "l̫ồn",
        "ℓồn",
        "ℓ ồ n",
        "ℓ.ồ.n",
        "L.ồ.n",
        "Iồn",
        "Duma",
        "Cẹc",
        "cứt",
        "cức",
        "chịch",
        "chịt",
        "dí",
        "đụ",
        "d í",
        "lon",
        "cac",
        "coin card",
        "cu",
        "zú",
        "zu",
        "lol",
        "bùi",
        "cặk",
        "cak",
        "lòn",
        "câk",
        "cc",
        "đéo",
        "!uptime",
        "pịa",
        "nồn",
        "đờ mờ",
        "Lon vũ",
        "co co",
        "kặc"
    ],
    "muted_users": [
        {
            "author_id": "6591214128191674645",
            "thread_id": "5012402549424648418",
            "reason": "ca.ca1c.cac3",
            "muted_until": 1731133877
        },
        {
            "author_id": "7217712669228520232",
            "thread_id": "2282342268107009710",
            "reason": "Cc",
            "muted_until": 1731404153
        },
        {
            "author_id": "4364170294661067154",
            "thread_id": "762260300822446998",
            "reason": "Quản trị viên cấm",
            "muted_until": 1731470544
        },
        {
            "author_id": "5076763883433865078",
            "thread_id": "762260300822446998",
            "reason": "Quản trị viên cấm",
            "muted_until": 1731470577
        },
        {
            "author_id": "2668026717242572292",
            "thread_id": "7052632761448965085",
            "reason": "Quản trị viên cấm",
            "muted_until": 1731672138
        },
        {
            "author_id": "2817335632556341533",
            "thread_id": "113604400853554583",
            "reason": "Quản trị viên cấm",
            "muted_until": 1731675125
        },
        {
            "author_id": "4912241537857155625",
            "thread_id": "556363901996278458",
            "reason": "Quản trị viên cấm",
            "muted_until": 1731754122
        },
        {
            "author_id": "3180021134247170083",
            "thread_id": "556363901996278458",
            "reason": "Quản trị viên cấm",
            "muted_until": 1731825335
        },
        {
            "author_id": "5076763883433865078",
            "thread_id": "184822653921169298",
            "reason": "Quản trị viên cấm",
            "muted_until": 1731825581
        },
        {
            "author_id": "496884888772472343",
            "thread_id": "2017706800388149746",
            "reason": "@Xuân Bách cut",
            "muted_until": 1733317159
        },
        {
            "author_id": "6812560494240192633",
            "thread_id": "2017706800388149746",
            "reason": "Vui lòng tag một người trong nhóm để giao công việc.",
            "muted_until": 1733322591
        },
        {
            "author_id": "740358952719729076",
            "thread_id": "6311125745977511783",
            "reason": "Quản trị viên cấm",
            "muted_until": 1733585988
        },
        {
            "author_id": "4465599577173510154",
            "thread_id": "2017706800388149746",
            "reason": "Quản trị viên cấm",
            "muted_until": 1733732005
        },
        {
            "author_id": "3933460493075983716",
            "thread_id": "6311125745977511783",
            "reason": "Quản trị viên cấm",
            "muted_until": 1733732449
        }
    ],
    "violations": {
        "1896842382405464639": {
            "5012402549424648418": {
                "profanity_count": 1,
                "spam_count": 0,
                "penalty_level": 0
            },
            "7241507937286594834": {
                "profanity_count": 0,
                "spam_count": 0,
                "penalty_level": 1
            }
        },
        "4295677635091733744": {
            "7241507937286594834": {
                "profanity_count": 0,
                "spam_count": 0,
                "penalty_level": 1
            }
        },
        "3026351350258855058": {
            "7241507937286594834": {
                "profanity_count": 0,
                "spam_count": 0,
                "penalty_level": 1
            }
        },
        "7483446264957994935": {
            "7241507937286594834": {
                "profanity_count": 1,
                "spam_count": 0,
                "penalty_level": 1
            }
        },
        "1480693472958391009": {
            "5012402549424648418": {
                "profanity_count": 1,
                "spam_count": 0,
                "penalty_level": 0
            }
        },
        "4796664457916574204": {
            "5012402549424648418": {
                "profanity_count": 1,
                "spam_count": 0,
                "penalty_level": 0
            }
        },
        "6591214128191674645": {
            "5012402549424648418": {
                "profanity_count": 3,
                "spam_count": 0,
                "penalty_level": 1
            }
        },
        "8843978173578476753": {
            "5012402549424648418": {
                "profanity_count": 2,
                "spam_count": 0,
                "penalty_level": 0
            }
        },
        "4772591193829655382": {
            "5012402549424648418": {
                "profanity_count": 2,
                "spam_count": 0,
                "penalty_level": 0
            }
        },
        "6220660847428352057": {
            "5012402549424648418": {
                "profanity_count": 2,
                "spam_count": 0,
                "penalty_level": 0
            }
        },
        "5277268922522586961": {
            "5012402549424648418": {
                "profanity_count": 1,
                "spam_count": 0,
                "penalty_level": 0
            }
        },
        "4366330889659850485": {
            "5012402549424648418": {
                "profanity_count": 1,
                "spam_count": 0,
                "penalty_level": 0
            }
        },
        "2012249657946852737": {
            "5012402549424648418": {
                "profanity_count": 1,
                "spam_count": 0,
                "penalty_level": 0
            }
        },
        "2674240426747724657": {
            "5012402549424648418": {
                "profanity_count": 1,
                "spam_count": 0,
                "penalty_level": 0
            }
        },
        "4622006796042100297": {
            "5012402549424648418": {
                "profanity_count": 1,
                "spam_count": 0,
                "penalty_level": 0
            }
        },
        "2128080663413370853": {
            "8723500413041824637": {
                "profanity_count": 0,
                "spam_count": 0,
                "penalty_level": 1
            }
        },
        "3236041470906128874": {
            "2282342268107009710": {
                "profanity_count": 1,
                "spam_count": 0,
                "penalty_level": 0
            }
        },
        "1239063194547240496": {
            "2282342268107009710": {
                "profanity_count": 2,
                "spam_count": 0,
                "penalty_level": 0
            }
        },
        "7217712669228520232": {
            "2282342268107009710": {
                "profanity_count": 11,
                "spam_count": 0,
                "penalty_level": 7
            }
        },
        "4364170294661067154": {
            "762260300822446998": {
                "profanity_count": 2,
                "spam_count": 0,
                "penalty_level": 2
            }
        },
        "5076763883433865078": {
            "762260300822446998": {
                "profanity_count": 1,
                "spam_count": 0,
                "penalty_level": 1
            },
            "184822653921169298": {
                "profanity_count": 2,
                "spam_count": 0,
                "penalty_level": 2
            }
        },
        "2668026717242572292": {
            "7052632761448965085": {
                "profanity_count": 2,
                "spam_count": 0,
                "penalty_level": 2
            }
        },
        "2817335632556341533": {
            "113604400853554583": {
                "profanity_count": 2,
                "spam_count": 0,
                "penalty_level": 2
            }
        },
        "4912241537857155625": {
            "556363901996278458": {
                "profanity_count": 1,
                "spam_count": 0,
                "penalty_level": 1
            }
        },
        "3180021134247170083": {
            "556363901996278458": {
                "profanity_count": 1,
                "spam_count": 0,
                "penalty_level": 1
            }
        },
        "3351784005428224113": {
            "2017706800388149746": {
                "profanity_count": 1,
                "spam_count": 0,
                "penalty_level": 0
            }
        },
        "6812560494240192633": {
            "6311125745977511783": {
                "profanity_count": 1,
                "spam_count": 0,
                "penalty_level": 1
            },
            "2017706800388149746": {
                "profanity_count": 3,
                "spam_count": 0,
                "penalty_level": 1
            }
        },
        "3453391144885341726": {
            "6311125745977511783": {
                "profanity_count": 1,
                "spam_count": 0,
                "penalty_level": 0
            }
        },
        "496884888772472343": {
            "2017706800388149746": {
                "profanity_count": 3,
                "spam_count": 0,
                "penalty_level": 1
            }
        },
        "2110026384359807162": {
            "6311125745977511783": {
                "profanity_count": 2,
                "spam_count": 0,
                "penalty_level": 1
            }
        },
        "3933460493075983716": {
            "3803006600428060468": {
                "profanity_count": 0,
                "spam_count": 0,
                "penalty_level": 1
            },
            "6311125745977511783": {
                "profanity_count": 3,
                "spam_count": 0,
                "penalty_level": 2
            }
        },
        "2814157734287812607": {
            "6311125745977511783": {
                "profanity_count": 0,
                "spam_count": 0,
                "penalty_level": 1
            }
        },
        "1656017071276220425": {
            "6311125745977511783": {
                "profanity_count": 1,
                "spam_count": 0,
                "penalty_level": 1
            },
            "2017706800388149746": {
                "profanity_count": 0,
                "spam_count": 0,
                "penalty_level": 2
            }
        },
        "3966118418688946424": {
            "6311125745977511783": {
                "profanity_count": 1,
                "spam_count": 0,
                "penalty_level": 0
            }
        },
        "740358952719729076": {
            "6311125745977511783": {
                "profanity_count": 1,
                "spam_count": 0,
                "penalty_level": 1
            }
        },
        "4795787990895149436": {
            "2017706800388149746": {
                "profanity_count": 1,
                "spam_count": 0,
                "penalty_level": 0
            }
        },
        "4465599577173510154": {
            "2017706800388149746": {
                "profanity_count": 1,
                "spam_count": 0,
                "penalty_level": 1
            }
        }
    },
    "rules": {
        "word": {
            "threshold": 3,
            "duration": 10
        },
        "spam": {
            "threshold": 3,
            "duration": 30
        }
    },
    "group_admins": {
        "5589579775913813503": [
            "418815704223903906"
        ],
        "2918834978706854892": [
            "6565744446690557811",
            "8271596797181657767",
            "7146805233829345091",
            "418815704223903906",
            "3124161860159392310",
            "1896842382405464639",
            "805703079542890307",
            "331559037865273332"
        ],
        "7241507937286594834": [
            "3182007466088775237",
            "3026351350258855058",
            "418815704223903906",
            "1896842382405464639",
            "8909124903351083726"
        ],
        "5012402549424648418": [
            "2737838746726424979",
            "331559037865273332",
            "3124161860159392310",
            "805703079542890307",
            "7146805233829345091",
            "418815704223903906"
        ],
        "8723500413041824637": [
            "418815704223903906"
        ],
        "2282342268107009710": [
            "7217712669228520232",
            "3236041470906128874",
            "841772837717522604"
        ],
        "7324674718584987300": [
            "1239063194547240496"
        ],
        "762260300822446998": [
            "841772837717522604"
        ],
        "7804862632458297682": [
            "841772837717522604"
        ],
        "7052632761448965085": [
            "2700397515646026107",
            "841772837717522604"
        ],
        "113604400853554583": [
            "839944916772791468",
            "1239774080327295536"
        ],
        "796601177252927500": [
            "5831421114070049007",
            "1407939882634019976",
            "1110447495538211691",
            "1918268061639088285",
            "3417589422247305071",
            "8796348970006017296",
            "8450972934918614853",
            "4069050740831542650",
            "8957067527035464783",
            "4441857051104281766",
            "8437745678475784218",
            "8394395283132290940",
            "5193176538426950675",
            "736366546945093434",
            "7224464177941560128",
            "3205647435951426942"
        ],
        "556363901996278458": [
            "5214414089554200671",
            "8153178134242904359",
            "7336494301405227218",
            "841772837717522604",
            "4718178132125460088"
        ],
        "184822653921169298": [
            "841772837717522604"
        ],
        "2017706800388149746": [
            "2814157734287812607",
            "783423539358849069",
            "9066784245004673825",
            "7729349210479043254",
            "6456496244407062120",
            "6812560494240192633",
            "6893917462711041630"
        ],
        "6311125745977511783": [
            "2814157734287812607",
            "783423539358849069",
            "6812560494240192633",
            "6893917462711041630"
        ],
        "3803006600428060468": [
            "9066784245004673825",
            "2814157734287812607",
            "783423539358849069",
            "8607287348895058305",
            "6812560494240192633",
            "6893917462711041630"
        ]
    },
    "message_log": {
        "5012402549424648418_4121872709201408094": {
            "last_message_time": 1729428704.712971,
            "message_times": [
                1729428704.712971
            ]
        },
        "5012402549424648418_7146805233829345091": {
            "last_message_time": 1731395615.2731314,
            "message_times": [
                1731395615.2731314
            ]
        },
        "5012402549424648418_6565744446690557811": {
            "last_message_time": 1731304801.4373507,
            "message_times": [
                1731304801.4373507
            ]
        },
        "5012402549424648418_4622006796042100297": {
            "last_message_time": 1731232965.8590777,
            "message_times": [
                1731232965.8590777
            ]
        },
        "7241507937286594834_805703079542890307": {
            "last_message_time": 1729428990.237553,
            "message_times": [
                1729428990.237553
            ]
        },
        "7241507937286594834_8770641302032086234": {
            "last_message_time": 1729428901.4499056,
            "message_times": [
                1729428901.4499056
            ]
        },
        "5589579775913813503_617556004208550908": {
            "last_message_time": 1729512498.6227481,
            "message_times": [
                1729512498.6227481
            ]
        },
        "7241507937286594834_885065838833630757": {
            "last_message_time": 1729429118.2174861,
            "message_times": [
                1729429118.2174861
            ]
        },
        "7241507937286594834_4295677635091733744": {
            "last_message_time": 1730442967.0933075,
            "message_times": [
                1730442967.0933075
            ]
        },
        "5012402549424648418_7028439306972352999": {
            "last_message_time": 1729483935.663698,
            "message_times": [
                1729483935.663698
            ]
        },
        "5012402549424648418_1896842382405464639": {
            "last_message_time": 1731127273.8157055,
            "message_times": [
                1731127273.8157055
            ]
        },
        "2918834978706854892_1896842382405464639": {
            "last_message_time": 1730871390.6386096,
            "message_times": [
                1730871390.6386096
            ]
        },
        "2918834978706854892_7146805233829345091": {
            "last_message_time": 1729508016.8737595,
            "message_times": [
                1729508016.8737595
            ]
        },
        "2918834978706854892_4039964784607859325": {
            "last_message_time": 1729825214.712538,
            "message_times": [
                1729825214.712538
            ]
        },
        "7241507937286594834_6565744446690557811": {
            "last_message_time": 1730884804.5274844,
            "message_times": [
                1730884804.5274844
            ]
        },
        "7241507937286594834_3026351350258855058": {
            "last_message_time": 1730973401.8920777,
            "message_times": [
                1730973401.8920777
            ]
        },
        "7241507937286594834_331559037865273332": {
            "last_message_time": 1729508659.413405,
            "message_times": [
                1729508659.413405
            ]
        },
        "2918834978706854892_8668605959385812768": {
            "last_message_time": 1729593369.5742474,
            "message_times": [
                1729593368.3954763,
                1729593369.5742474
            ]
        },
        "7241507937286594834_7483446264957994935": {
            "last_message_time": 1730883576.5856125,
            "message_times": [
                1730883576.5856125
            ]
        },
        "7241507937286594834_1896842382405464639": {
            "last_message_time": 1730888343.1531227,
            "message_times": [
                1730888343.1531227
            ]
        },
        "7241507937286594834_1726142702020647321": {
            "last_message_time": 1729510879.5732663,
            "message_times": [
                1729510879.5732663
            ]
        },
        "5589579775913813503_5677104561294654884": {
            "last_message_time": 1729512486.7073324,
            "message_times": [
                1729512486.7073324
            ]
        },
        "2918834978706854892_4622006796042100297": {
            "last_message_time": 1729591186.0103273,
            "message_times": [
                1729591186.0103273
            ]
        },
        "2918834978706854892_2449899370167461010": {
            "last_message_time": 1729591221.7862072,
            "message_times": [
                1729591221.7862072
            ]
        },
        "7241507937286594834_8909124903351083726": {
            "last_message_time": 1730875719.030874,
            "message_times": [
                1730875717.5960352,
                1730875719.030874
            ]
        },
        "7241507937286594834_8518309305481034586": {
            "last_message_time": 1730880400.8364122,
            "message_times": [
                1730880400.8364122
            ]
        },
        "2918834978706854892_3767366301363193381": {
            "last_message_time": 1729593215.0563235,
            "message_times": [
                1729593215.0563235
            ]
        },
        "7241507937286594834_3124161860159392310": {
            "last_message_time": 1729598493.6696343,
            "message_times": [
                1729598493.6696343
            ]
        },
        "2918834978706854892_8440899780503202633": {
            "last_message_time": 1729742823.5269816,
            "message_times": [
                1729742823.5269816
            ]
        },
        "7241507937286594834_7548321705365312428": {
            "last_message_time": 1730092080.3019707,
            "message_times": [
                1730092080.3019707
            ]
        },
        "7241507937286594834_1480693472958391009": {
            "last_message_time": 1729825207.8894432,
            "message_times": [
                1729825207.8894432
            ]
        },
        "7241507937286594834_5079827761164026642": {
            "last_message_time": 1729829058.7029753,
            "message_times": [
                1729829058.7029753
            ]
        },
        "7241507937286594834_2425130629567069386": {
            "last_message_time": 1730089843.0294726,
            "message_times": [
                1730089843.0294726
            ]
        },
        "2918834978706854892_3124161860159392310": {
            "last_message_time": 1730871390.3067539,
            "message_times": [
                1730871389.6620154,
                1730871390.3067539
            ]
        },
        "7241507937286594834_7146805233829345091": {
            "last_message_time": 1731326216.2626925,
            "message_times": [
                1731326216.2626925
            ]
        },
        "7241507937286594834_5673590538440198353": {
            "last_message_time": 1730876506.9868746,
            "message_times": [
                1730876506.9868746
            ]
        },
        "7241507937286594834_5430678992446794800": {
            "last_message_time": 1730880013.3219116,
            "message_times": [
                1730880013.3219116
            ]
        },
        "7241507937286594834_4572798349608742936": {
            "last_message_time": 1730883956.6385858,
            "message_times": [
                1730883956.1926866,
                1730883956.6385858
            ]
        },
        "7241507937286594834_7836407486971418285": {
            "last_message_time": 1730973390.064089,
            "message_times": [
                1730973390.064089
            ]
        },
        "7241507937286594834_5476132220316651154": {
            "last_message_time": 1731070500.700147,
            "message_times": [
                1731070500.700147
            ]
        },
        "7241507937286594834_5558747582488630089": {
            "last_message_time": 1730980547.0166276,
            "message_times": [
                1730980547.0166276
            ]
        },
        "7241507937286594834_2092187188062695269": {
            "last_message_time": 1730980695.9212139,
            "message_times": [
                1730980695.7409418,
                1730980695.9212139
            ]
        },
        "2918834978706854892_893936058690818314": {
            "last_message_time": 1731067519.4576218,
            "message_times": [
                1731067519.4576218
            ]
        },
        "2918834978706854892_5143992622447107598": {
            "last_message_time": 1731067549.8715575,
            "message_times": [
                1731067549.8715575
            ]
        },
        "7241507937286594834_9049290436159263480": {
            "last_message_time": 1731070524.2867823,
            "message_times": [
                1731070524.1759498,
                1731070524.2867823
            ]
        },
        "5012402549424648418_1457162957553440341": {
            "last_message_time": 1731304570.145644,
            "message_times": [
                1731304570.145644
            ]
        },
        "5012402549424648418_4772591193829655382": {
            "last_message_time": 1731127099.0963528,
            "message_times": [
                1731127099.0963528
            ]
        },
        "5012402549424648418_893936058690818314": {
            "last_message_time": 1731124968.4275982,
            "message_times": [
                1731124968.4275982
            ]
        },
        "5012402549424648418_7949698160168372030": {
            "last_message_time": 1731213848.0608025,
            "message_times": [
                1731213848.0608025
            ]
        },
        "5012402549424648418_2450883028824005486": {
            "last_message_time": 1731125071.2877321,
            "message_times": [
                1731125071.2877321
            ]
        },
        "2918834978706854892_7835168486834170577": {
            "last_message_time": 1731126393.364782,
            "message_times": [
                1731126393.364782
            ]
        },
        "5012402549424648418_1480693472958391009": {
            "last_message_time": 1731125734.5858083,
            "message_times": [
                1731125734.5858083
            ]
        },
        "5012402549424648418_4796664457916574204": {
            "last_message_time": 1731126327.1674614,
            "message_times": [
                1731126327.1674614
            ]
        },
        "5012402549424648418_6220660847428352057": {
            "last_message_time": 1731327785.5230064,
            "message_times": [
                1731327785.5230064
            ]
        },
        "5012402549424648418_8843978173578476753": {
            "last_message_time": 1731127867.3384235,
            "message_times": [
                1731127867.3384235
            ]
        },
        "5012402549424648418_6591214128191674645": {
            "last_message_time": 1731126710.1513734,
            "message_times": [
                1731126708.3376098,
                1731126708.5972555,
                1731126709.4478538,
                1731126709.9136217,
                1731126710.1513734
            ]
        },
        "8723500413041824637_2869017389526863293": {
            "last_message_time": 1731145624.8241274,
            "message_times": [
                1731145624.8241274
            ]
        },
        "5012402549424648418_2251513372824804179": {
            "last_message_time": 1731126716.4378881,
            "message_times": [
                1731126716.4378881
            ]
        },
        "5012402549424648418_5277268922522586961": {
            "last_message_time": 1731126868.0222638,
            "message_times": [
                1731126868.0222638
            ]
        },
        "5012402549424648418_4366330889659850485": {
            "last_message_time": 1731207953.8537397,
            "message_times": [
                1731207953.8537397
            ]
        },
        "5012402549424648418_5226196255657948650": {
            "last_message_time": 1731310993.4493847,
            "message_times": [
                1731310993.4493847
            ]
        },
        "5012402549424648418_2012249657946852737": {
            "last_message_time": 1731127844.9255235,
            "message_times": [
                1731127843.4153275,
                1731127844.9255235
            ]
        },
        "5012402549424648418_4576741646602766062": {
            "last_message_time": 1731146481.833596,
            "message_times": [
                1731146481.833596
            ]
        },
        "8723500413041824637_418815704223903906": {
            "last_message_time": 1731127916.3535166,
            "message_times": [
                1731127916.3535166
            ]
        },
        "8723500413041824637_617556004208550908": {
            "last_message_time": 1731144914.3733802,
            "message_times": [
                1731144913.046958,
                1731144913.631792,
                1731144914.3733802
            ]
        },
        "5012402549424648418_1865049612952584844": {
            "last_message_time": 1731146176.2493846,
            "message_times": [
                1731146176.2493846
            ]
        },
        "5012402549424648418_7111344021961369821": {
            "last_message_time": 1731193444.4688187,
            "message_times": [
                1731193444.4688187
            ]
        },
        "5012402549424648418_2674240426747724657": {
            "last_message_time": 1731325546.2896347,
            "message_times": [
                1731325544.6019256,
                1731325546.2896347
            ]
        },
        "7241507937286594834_1903041968760866821": {
            "last_message_time": 1731202997.4719045,
            "message_times": [
                1731202997.4719045
            ]
        },
        "5012402549424648418_8668605959385812768": {
            "last_message_time": 1731207839.2058227,
            "message_times": [
                1731207839.2058227
            ]
        },
        "5012402549424648418_7277831755696496493": {
            "last_message_time": 1731212926.5879538,
            "message_times": [
                1731212926.5879538
            ]
        },
        "5012402549424648418_617556004208550908": {
            "last_message_time": 1731327922.6008294,
            "message_times": [
                1731327922.6008294
            ]
        },
        "5012402549424648418_378690006018227756": {
            "last_message_time": 1731325526.813222,
            "message_times": [
                1731325526.813222
            ]
        },
        "8723500413041824637_2128080663413370853": {
            "last_message_time": 1731320820.8509598,
            "message_times": [
                1731320820.8509598
            ]
        },
        "5012402549424648418_7803051649929354279": {
            "last_message_time": 1731325965.8316216,
            "message_times": [
                1731325965.8316216
            ]
        },
        "2918834978706854892_7803051649929354279": {
            "last_message_time": 1731325967.1869175,
            "message_times": [
                1731325967.1869175
            ]
        },
        "7241507937286594834_8191930965681497282": {
            "last_message_time": 1731326215.9631464,
            "message_times": [
                1731326214.12449,
                1731326215.9631464
            ]
        },
        "5012402549424648418_8807232987927738708": {
            "last_message_time": 1731307379.3392303,
            "message_times": [
                1731307379.0271187,
                1731307379.3392303
            ]
        },
        "2918834978706854892_2425130629567069386": {
            "last_message_time": 1731320145.2083366,
            "message_times": [
                1731320145.2083366
            ]
        },
        "8723500413041824637_7146805233829345091": {
            "last_message_time": 1731325318.7504191,
            "message_times": [
                1731325318.7504191
            ]
        },
        "5012402549424648418_9195806998045449203": {
            "last_message_time": 1731294451.5851061,
            "message_times": [
                1731294451.3565536,
                1731294451.5851061
            ]
        },
        "5012402549424648418_8669039506482629667": {
            "last_message_time": 1731302537.722793,
            "message_times": [
                1731302537.722793
            ]
        },
        "2918834978706854892_3135143041451987951": {
            "last_message_time": 1731304820.3369315,
            "message_times": [
                1731304820.3369315
            ]
        },
        "5012402549424648418_2128080663413370853": {
            "last_message_time": 1731308167.809953,
            "message_times": [
                1731308167.809953
            ]
        },
        "5012402549424648418_2761907047970293817": {
            "last_message_time": 1731311561.3052843,
            "message_times": [
                1731311561.3052843
            ]
        },
        "5012402549424648418_8399654981355626492": {
            "last_message_time": 1731311811.6854503,
            "message_times": [
                1731311811.6854503
            ]
        },
        "2918834978706854892_1783674580988256941": {
            "last_message_time": 1731316498.9214063,
            "message_times": [
                1731316498.9214063
            ]
        },
        "5012402549424648418_3124161860159392310": {
            "last_message_time": 1731325535.9106326,
            "message_times": [
                1731325535.9106326
            ]
        },
        "5012402549424648418_4628756958715299409": {
            "last_message_time": 1731321029.9220505,
            "message_times": [
                1731321029.9220505
            ]
        },
        "5012402549424648418_7213231179883463799": {
            "last_message_time": 1731327361.4387758,
            "message_times": [
                1731327361.4387758
            ]
        },
        "5012402549424648418_4822413515202729089": {
            "last_message_time": 1731327471.5706947,
            "message_times": [
                1731327471.5706947
            ]
        },
        "5012402549424648418_5305303649040454605": {
            "last_message_time": 1731395614.5406523,
            "message_times": [
                1731395614.5406523
            ]
        },
        "2282342268107009710_3236041470906128874": {
            "last_message_time": 1731401853.7485862,
            "message_times": [
                1731401851.9931884,
                1731401853.7485862
            ]
        },
        "2282342268107009710_2668026717242572292": {
            "last_message_time": 1731401729.2710555,
            "message_times": [
                1731401729.1669354,
                1731401729.2710555
            ]
        },
        "2282342268107009710_7217712669228520232": {
            "last_message_time": 1731404108.6096978,
            "message_times": [
                1731404108.6096978
            ]
        },
        "2282342268107009710_1239063194547240496": {
            "last_message_time": 1731403006.6340082,
            "message_times": [
                1731403005.6415765,
                1731403006.6340082
            ]
        },
        "2282342268107009710_841772837717522604": {
            "last_message_time": 1731403616.398298,
            "message_times": [
                1731403616.398298
            ]
        },
        "2017706800388149746_6812560494240192633": {
            "last_message_time": 1733322429.1258845,
            "message_times": [
                1733322429.1258845
            ]
        },
        "6311125745977511783_6494503004866016979": {
            "last_message_time": 1733298778.6645136,
            "message_times": [
                1733298778.6645136
            ]
        },
        "6311125745977511783_740358952719729076": {
            "last_message_time": 1733585325.1199055,
            "message_times": [
                1733585325.000933,
                1733585325.1199055
            ]
        },
        "3803006600428060468_2476820433608437933": {
            "last_message_time": 1733806872.7400565,
            "message_times": [
                1733806872.7400565
            ]
        },
        "6311125745977511783_1174134249503577785": {
            "last_message_time": 1733318813.1210003,
            "message_times": [
                1733318813.1210003
            ]
        },
        "2017706800388149746_1174134249503577785": {
            "last_message_time": 1733301659.9351778,
            "message_times": [
                1733301659.9351778
            ]
        },
        "3803006600428060468_1174134249503577785": {
            "last_message_time": 1733301662.4171026,
            "message_times": [
                1733301662.4171026
            ]
        },
        "6311125745977511783_6812560494240192633": {
            "last_message_time": 1733493886.4005961,
            "message_times": [
                1733493886.4005961
            ]
        },
        "6311125745977511783_3933460493075983716": {
            "last_message_time": 1733731911.7484245,
            "message_times": [
                1733731910.7531238,
                1733731911.160178,
                1733731911.7484245
            ]
        },
        "6311125745977511783_2814157734287812607": {
            "last_message_time": 1733629824.0243297,
            "message_times": [
                1733629824.0243297
            ]
        },
        "6311125745977511783_270853255799753776": {
            "last_message_time": 1733319706.7215433,
            "message_times": [
                1733319706.7215433
            ]
        },
        "3803006600428060468_270853255799753776": {
            "last_message_time": 1733313190.8382616,
            "message_times": [
                1733313190.8382616
            ]
        },
        "3803006600428060468_6812560494240192633": {
            "last_message_time": 1733320979.7218163,
            "message_times": [
                1733320979.7218163
            ]
        },
        "3803006600428060468_4759885012899840508": {
            "last_message_time": 1733628776.057769,
            "message_times": [
                1733628776.057769
            ]
        },
        "2017706800388149746_7505434162152656346": {
            "last_message_time": 1733314370.0824034,
            "message_times": [
                1733314370.0824034
            ]
        },
        "2017706800388149746_2814157734287812607": {
            "last_message_time": 1733626796.9522955,
            "message_times": [
                1733626796.9522955
            ]
        },
        "2017706800388149746_5100479868933342010": {
            "last_message_time": 1733314548.4084537,
            "message_times": [
                1733314548.4084537
            ]
        },
        "2017706800388149746_3351784005428224113": {
            "last_message_time": 1733581224.447745,
            "message_times": [
                1733581224.447745
            ]
        },
        "2017706800388149746_2110026384359807162": {
            "last_message_time": 1733493672.7872126,
            "message_times": [
                1733493672.7872126
            ]
        },
        "2017706800388149746_270853255799753776": {
            "last_message_time": 1733314472.4947965,
            "message_times": [
                1733314472.4947965
            ]
        },
        "2017706800388149746_7454066644755257472": {
            "last_message_time": 1733744444.1089246,
            "message_times": [
                1733744444.1089246
            ]
        },
        "2017706800388149746_3933460493075983716": {
            "last_message_time": 1733744442.5442894,
            "message_times": [
                1733744442.5442894
            ]
        },
        "2017706800388149746_594549968970040754": {
            "last_message_time": 1733744648.2256916,
            "message_times": [
                1733744648.0735292,
                1733744648.2256916
            ]
        },
        "3803006600428060468_3933460493075983716": {
            "last_message_time": 1733576993.871371,
            "message_times": [
                1733576993.871371
            ]
        },
        "3803006600428060468_7094909722841291140": {
            "last_message_time": 1733729347.7199364,
            "message_times": [
                1733729346.8871293,
                1733729347.7199364
            ]
        },
        "3803006600428060468_2814157734287812607": {
            "last_message_time": 1733316045.2048802,
            "message_times": [
                1733316045.2048802
            ]
        },
        "6311125745977511783_3966118418688946424": {
            "last_message_time": 1733494810.3147562,
            "message_times": [
                1733494810.3147562
            ]
        },
        "6311125745977511783_1377642013171351788": {
            "last_message_time": 1733316228.9010642,
            "message_times": [
                1733316228.9010642
            ]
        },
        "2017706800388149746_496884888772472343": {
            "last_message_time": 1733316588.765243,
            "message_times": [
                1733316588.765243
            ]
        },
        "2017706800388149746_613971828897382519": {
            "last_message_time": 1733400256.7348616,
            "message_times": [
                1733400256.7348616
            ]
        },
        "6311125745977511783_1896259515584006050": {
            "last_message_time": 1733397035.9394865,
            "message_times": [
                1733397035.9394865
            ]
        },
        "6311125745977511783_3453391144885341726": {
            "last_message_time": 1733318339.993211,
            "message_times": [
                1733318339.993211
            ]
        },
        "6311125745977511783_2110026384359807162": {
            "last_message_time": 1733493668.7572434,
            "message_times": [
                1733493668.7572434
            ]
        },
        "6311125745977511783_2205306120704985448": {
            "last_message_time": 1733319936.5963287,
            "message_times": [
                1733319936.5963287
            ]
        },
        "6311125745977511783_4864033438980230770": {
            "last_message_time": 1733320129.3662918,
            "message_times": [
                1733320129.3662918
            ]
        },
        "3803006600428060468_6932638402735167687": {
            "last_message_time": 1733320861.5703716,
            "message_times": [
                1733320861.5703716
            ]
        },
        "3803006600428060468_701655572351400014": {
            "last_message_time": 1733726193.422543,
            "message_times": [
                1733726193.422543
            ]
        },
        "2017706800388149746_3318980532424060157": {
            "last_message_time": 1733322165.934404,
            "message_times": [
                1733322164.9332774,
                1733322165.934404
            ]
        },
        "6311125745977511783_1656017071276220425": {
            "last_message_time": 1733731288.301158,
            "message_times": [
                1733731288.301158
            ]
        },
        "6311125745977511783_4286839442653236111": {
            "last_message_time": 1733583176.6809692,
            "message_times": [
                1733583174.7673595,
                1733583174.8599095,
                1733583176.6809692
            ]
        },
        "6311125745977511783_770621925946013251": {
            "last_message_time": 1733580357.8727624,
            "message_times": [
                1733580357.8727624
            ]
        },
        "2017706800388149746_4465599577173510154": {
            "last_message_time": 1733731753.8963888,
            "message_times": [
                1733731753.8963888
            ]
        },
        "6311125745977511783_889543505535818154": {
            "last_message_time": 1733494419.7598853,
            "message_times": [
                1733494419.7598853
            ]
        },
        "6311125745977511783_2195465322993869957": {
            "last_message_time": 1733495227.9899626,
            "message_times": [
                1733495227.9899626
            ]
        },
        "3803006600428060468_4286839442653236111": {
            "last_message_time": 1733576873.773945,
            "message_times": [
                1733576872.5412986,
                1733576873.773945
            ]
        },
        "3803006600428060468_1656017071276220425": {
            "last_message_time": 1733731289.4454384,
            "message_times": [
                1733731289.4454384
            ]
        },
        "2017706800388149746_7593391743658722707": {
            "last_message_time": 1733628243.1122112,
            "message_times": [
                1733628243.1122112
            ]
        },
        "6311125745977511783_362195889245556468": {
            "last_message_time": 1733622792.5059433,
            "message_times": [
                1733622792.5059433
            ]
        },
        "3803006600428060468_4202552294986540448": {
            "last_message_time": 1733627743.0303278,
            "message_times": [
                1733627743.0303278
            ]
        },
        "3803006600428060468_1356251779270561056": {
            "last_message_time": 1733628006.410973,
            "message_times": [
                1733628006.410973
            ]
        },
        "6311125745977511783_7846724506443940887": {
            "last_message_time": 1733630173.2452755,
            "message_times": [
                1733630173.2452755
            ]
        },
        "2017706800388149746_1656017071276220425": {
            "last_message_time": 1733744495.0400932,
            "message_times": [
                1733744495.0400932
            ]
        },
        "2017706800388149746_2304818342906293774": {
            "last_message_time": 1733829751.3829706,
            "message_times": [
                1733829751.3829706
            ]
        },
        "3803006600428060468_2304818342906293774": {
            "last_message_time": 1733829751.638133,
            "message_times": [
                1733829751.638133
            ]
        },
        "2017706800388149746_4795787990895149436": {
            "last_message_time": 1733731836.1478603,
            "message_times": [
                1733731836.1478603
            ]
        },
        "2017706800388149746_783423539358849069": {
            "last_message_time": 1733744460.136714,
            "message_times": [
                1733744460.136714
            ]
        },
        "3803006600428060468_3966118418688946424": {
            "last_message_time": 1733805054.0781462,
            "message_times": [
                1733805054.0781462
            ]
        },
        "2017706800388149746_3966118418688946424": {
            "last_message_time": 1733805074.635111,
            "message_times": [
                1733805074.635111
            ]
        },
        "2017706800388149746_1302755737182243814": {
            "last_message_time": 1733806871.9741783,
            "message_times": [
                1733806871.9741783
            ]
        },
        "2017706800388149746_342915564538874672": {
            "last_message_time": 1733829909.3885205,
            "message_times": [
                1733829909.3885205
            ]
        }
    },
    "allow_link": {
        "5012402549424648418": true,
        "556363901996278458": false,
        "2017706800388149746": true,
        "6311125745977511783": true,
        "3803006600428060468": true
    },
    "block_user_group": {
        "556363901996278458": {
            "blocked_users": [
                "3180021134247170083"
            ]
        }
    },
    "welcome": {
        "7241507937286594834": true,
        "5012402549424648418": true,
        "8480160858908123330": true,
        "1377806771439646579": true,
        "2462838995843396928": true
    }
}